Workbook

Sheet Canggu
A1: 44805
A3: Tgl | B3: Canggu-Sayan | C3: Qty | D3: Harga | E3: Total | G3: Tgl | H3: Canggu-Pejeng | I3: Qty | J3: Harga | K3: Total | M3: Tgl | N3: Canggu-Samplangan | O3: Qty | P3: Harga | Q3: Total | S3: Tgl | T3: Canggu-Teges | U3: Qty | V3: Harga | W3: Total
A5: 45966 | B5: andesit 40x60x3 bakar | C5: =40/4 -> 10 | D5: 320000 | E5: =C5*D5 -> 3200000 | G5: 45984 | H5: Family gatering | I5: 1 | J5: 8000000 | K5: =I5*J5 -> 8000000 | Q5: =O5*P5 -> 0 | S5: 45952 | T5: green sukabumi 15x15 ekspor | U5: 25 | V5: 175000 | W5: =U5*V5 -> 4375000
A6: 45975 | B6: green sukabumi 20x20 | C6: 100 | D6: 125000 | E6: =C6*D6 -> 12500000 | K6: =I6*J6 -> 0 | Q6: =O6*P6 -> 0 | S6: 45958 | T6: Green sukabumi 15x15 | U6: 98 | V6: 110000 | W6: =U6*V6 -> 10780000
A7: 45975 | B7: andesit 20x40x1,5 bakar | C7: 20 | D7: 120000 | E7: =C7*D7 -> 2400000 | K7: =I7*J7 -> 0 | Q7: =O7*P7 -> 0 | S7: 45987 | T7: Bali green 20x40x2 | U7: 1.5 | V7: 90000 | W7: =U7*V7 -> 135000
A8: 45983 | B8: Pacito Roso 20x40x2 | C8: 16 | D8: 115000 | E8: =C8*D8 -> 1840000 | K8: =I8*J8 -> 0 | Q8: =O8*P8 -> 0 | W8: =U8*V8 -> 0
A9: 45986 | B9: Batu Kolam Putih ( Tumble ) | C9: 60 | D9: 160000 | E9: =C9*D9 -> 9600000 | K9: =I9*J9 -> 0 | Q9: =O9*P9 -> 0 | W9: =U9*V9 -> 0
A10: 45989 | B10: Batu Kolam Putih ( Tumble ) | C10: 40 | D10: 160000 | E10: =C10*D10 -> 6400000 | K10: =I10*J10 -> 0 | Q10: =O10*P10 -> 0 | W10: =U10*V10 -> 0
A11: 45989 | B11: bali green 20x40x2 | C11: 38 | D11: 85000 | E11: =C11*D11 -> 3230000 | K11: =I11*J11 -> 0 | Q11: =O11*P11 -> 0 | W11: =U11*V11 -> 0
E12: =C12*D12 -> 0 | K12: =I12*J12 -> 0 | Q12: =O12*P12 -> 0 | W12: =U12*V12 -> 0
E13: =C13*D13 -> 0 | K13: =I13*J13 -> 0 | Q13: =O13*P13 -> 0 | W13: =U13*V13 -> 0
E14: =C14*D14 -> 0 | K14: =I14*J14 -> 0 | Q14: =O14*P14 -> 0 | W14: =U14*V14 -> 0
E15: =C15*D15 -> 0 | K15: =I15*J15 -> 0 | Q15: =O15*P15 -> 0 | W15: =U15*V15 -> 0
E16: =C16*D16 -> 0 | K16: =I16*J16 -> 0 | Q16: =O16*P16 -> 0 | W16: =U16*V16 -> 0
E17: =C17*D17 -> 0 | K17: =I17*J17 -> 0 | Q17: =O17*P17 -> 0 | W17: =U17*V17 -> 0
E18: =C18*D18 -> 0 | K18: =I18*J18 -> 0 | Q18: =O18*P18 -> 0 | W18: =U18*V18 -> 0
E19: =C19*D19 -> 0 | Q19: =O19*P19 -> 0
E20: =C20*D20 -> 0 | Q20: =O20*P20 -> 0
E21: =C21*D21 -> 0 | Q21: =O21*P21 -> 0
E22: =C22*D22 -> 0 | Q22: =O22*P22 -> 0
E23: =C23*D23 -> 0 | Q23: =O23*P23 -> 0
E24: =C24*D24 -> 0 | Q24: =O24*P24 -> 0
E25: =C25*D25 -> 0 | Q25: =O25*P25 -> 0
E26: =C26*D26 -> 0 | K26: =I26*J26 -> 0 | Q26: =O26*P26 -> 0 | W26: =U26*V26 -> 0
E27: =C27*D27 -> 0 | K27: =I27*J27 -> 0 | Q27: =O27*P27 -> 0 | W27: =U27*V27 -> 0
E28: =SUM(E5:E27) -> 39170000 | K28: =SUM(K5:K27) -> 8000000 | Q28: =SUM(Q5:Q27) -> 0 | W28: =SUM(W5:W27) -> 15290000

Sheet Sayan
A3: Tgl | B3: Sayan-Canggu | C3: Qty | D3: Harga | E3: Total | G3: Tgl | H3: Sayan-Pejeng | I3: Qty | J3: Harga | K3: Total | M3: Tgl | N3: Sayan-Samplangan | O3: Qty | P3: Harga | Q3: Total | S3: Tgl | T3: Sayan-Teges | U3: Qty | V3: Harga | W3: Total
E5: =C5*D5 -> 0 | G5: 45941 | H5: Lime stone | I5: 20 | J5: 65000 | K5: =I5*J5 -> 1300000 | Q5: =O5*P5 -> 0 | S5: 45950 | T5: Green sukabumi 10x10 ekspor | U5: 50 | V5: 165000 | W5: =U5*V5 -> 8250000
E6: =C6*D6 -> 0 | G6: 45984 | H6: Family gatering | I6: 1 | J6: 8000000 | K6: =I6*J6 -> 8000000 | Q6: =O6*P6 -> 0 | W6: =U6*V6 -> 0
E7: =C7*D7 -> 0 | G7: 45985 | H7: Green sukabumi 10x10 ekspor | I7: 30 | J7: 180000 | K7: =I7*J7 -> 5400000 | Q7: =O7*P7 -> 0 | W7: =U7*V7 -> 0
E8: =C8*D8 -> 0 | K8: =I8*J8 -> 0 | Q8: =O8*P8 -> 0 | W8: =U8*V8 -> 0
E9: =C9*D9 -> 0 | K9: =I9*J9 -> 0 | Q9: =O9*P9 -> 0 | W9: =U9*V9 -> 0
E10: =C10*D10 -> 0 | K10: =I10*J10 -> 0 | Q10: =O10*P10 -> 0 | W10: =U10*V10 -> 0
E11: =C11*D11 -> 0 | K11: =I11*J11 -> 0 | Q11: =O11*P11 -> 0 | W11: =U11*V11 -> 0
E12: =C12*D12 -> 0 | K12: =I12*J12 -> 0 | Q12: =O12*P12 -> 0 | W12: =U12*V12 -> 0
E13: =C13*D13 -> 0 | K13: =I13*J13 -> 0 | Q13: =O13*P13 -> 0 | W13: =U13*V13 -> 0
E14: =C14*D14 -> 0 | K14: =I14*J14 -> 0 | Q14: =O14*P14 -> 0 | W14: =U14*V14 -> 0
E15: =C15*D15 -> 0 | K15: =I15*J15 -> 0 | Q15: =O15*P15 -> 0 | W15: =U15*V15 -> 0
E16: =C16*D16 -> 0 | K16: =I16*J16 -> 0 | Q16: =O16*P16 -> 0 | W16: =U16*V16 -> 0
E17: =C17*D17 -> 0 | K17: =I17*J17 -> 0 | Q17: =O17*P17 -> 0 | W17: =U17*V17 -> 0
E18: =SUM(E5:E17) -> 0 | K18: =SUM(K5:K17) -> 14700000 | Q18: =SUM(Q5:Q17) -> 0 | W18: =SUM(W5:W17) -> 8250000

Sheet Pejeng
A1: 44805
A3: Tgl | B3: Pejeng-Canggu | C3: Qty | D3: Harga | E3: Total | G3: Tgl | H3: Pejeng-Sayan | I3: Qty | J3: Harga | K3: Total | M3: Tgl | N3: Pejeng-Samplangan | O3: Qty | P3: Harga | Q3: Total
E5: =C5*D5 -> 0 | G5: 45936 | H5: Sisa Hutang | I5: 1 | J5: 10588000 | K5: =I5*J5 -> 10588000 | Q5: =O5*P5 -> 0
E6: =C6*D6 -> 0 | G6: 45937 | H6: andesit 30x30x5 bakar ( Leo ) | I6: 11 | J6: 360000 | K6: =I6*J6 -> 3960000 | Q6: =O6*P6 -> 0
E7: =C7*D7 -> 0 | G7: 45938 | H7: batu koral putih m ( Sinar ) | I7: 125 | J7: 18000 | K7: =I7*J7 -> 2250000 | Q7: =O7*P7 -> 0
E8: =C8*D8 -> 0 | G8: 45941 | H8: andesit 20x40x3 bakar ( Sinar ) | I8: 8 | J8: 250000 | K8: =I8*J8 -> 2000000 | Q8: =O8*P8 -> 0
E9: =C9*D9 -> 0 | G9: 45941 | H9: andesit 20x40x3 bakar ( Sinar ) | I9: =50/12 -> 4.1666667 | J9: =20800*12 -> 249600 | K9: =I9*J9 -> 1040000 | Q9: =O9*P9 -> 0
E10: =C10*D10 -> 0 | G10: 45941 | H10: andesit 30x60x3 bakar ( Sinar ) | I10: 6 | J10: 255000 | K10: =I10*J10 -> 1530000 | Q10: =O10*P10 -> 0
E11: =C11*D11 -> 0 | G11: 45941 | H11: neon candi ( Sinar ) | I11: 12 | J11: 12000 | K11: =I11*J11 -> 144000 | Q11: =O11*P11 -> 0
E12: =C12*D12 -> 0 | G12: 45943 | H12: andesit 30x60x3 bakar ( Sinar ) | I12: =30/5.5 -> 5.4545455 | J12: =48000*5.5 -> 264000 | K12: =I12*J12 -> 1440000 | Q12: =O12*P12 -> 0
E13: =C13*D13 -> 0 | G13: 45948 | H13: andesit 20x40x1,5 bakar ( Sinar ) | I13: 29 | J13: 120000 | K13: =I13*J13 -> 3480000 | Q13: =O13*P13 -> 0
E14: =C14*D14 -> 0 | G14: 45958 | H14: andesit 30x30x3 bakar ( Sinar ) | I14: =14/11 -> 1.2727273 | J14: =23000*11 -> 253000 | K14: =I14*J14 -> 322000 | Q14: 0
G15: 45963 | H15: andesit 30x40x3 bakar ( Sinar ) | I15: 10 | J15: 255000 | K15: =I15*J15 -> 2550000
G16: 45971 | H16: andesit 20x40x1,5 bakar ( Sinar ) | I16: 13 | J16: 120000 | K16: =I16*J16 -> 1560000
G17: 45973 | H17: pae 1 putih tulang ( Sawal ) | I17: 130 | J17: 12000 | K17: =I17*J17 -> 1560000
G18: 45978 | H18: Green Sukabumi 10x20 ekspor ( Sawal ) | I18: 6 | J18: 170000 | K18: =I18*J18 -> 1020000
G19: 45978 | H19: andesit 30x60x5 bakar ( Sawal ) | I19: =50/5.5 -> 9.0909091 | J19: =68000*5.5 -> 374000 | K19: =I19*J19 -> 3400000
G20: 45982 | H20: Paras tulungagung 20x40x5 ( Sinar ) | I20: =50/12 -> 4.1666667 | J20: =18000*12 -> 216000 | K20: =I20*J20 -> 900000
G21: 45985 | H21: andesit 20x40x1,5 poles | I21: 17 | J21: 210000 | K21: =I21*J21 -> 3570000
K22: =I22*J22 -> 0
K23: =I23*J23 -> 0
E24: =C24*D24 -> 0 | K24: =I24*J24 -> 0 | Q24: =O24*P24 -> 0
E25: =C25*D25 -> 0 | K25: =I25*J25 -> 0 | Q25: 0
K26: =I26*J26 -> 0
K27: =I27*J27 -> 0
K28: =I28*J28 -> 0
K29: =I29*J29 -> 0
K30: =I30*J30 -> 0
K31: =I31*J31 -> 0
E32: =SUM(E5:E24) -> 0 | K32: =SUM(K5:K25) -> 41314000 | Q32: =SUM(Q5:Q25) -> 0
J38: =780+840 -> 1620

Sheet Samplangan
A1: 44805
A3: Tgl | B3: Samplangan-Canggu | C3: Qty | D3: Harga | E3: Total | G3: Tgl | H3: Samplangan-Sayan | I3: Qty | J3: Harga | K3: Total | M3: Tgl | N3: Samplangan-Pejeng | O3: Qty | P3: Harga | Q3: Total
E5: =C5*D5 -> 0 | G5: 45947 | H5: andesit 20x40x1,5 bakar ( Leo ) | I5: 60 | J5: 120000 | K5: =I5*J5 -> 7200000 | Q5: =O5*P5 -> 0
E6: =C6*D6 -> 0 | G6: 45951 | H6: lis bunga besar ( Leo ) | I6: 5 | J6: 30000 | K6: =I6*J6 -> 150000 | Q6: =O6*P6 -> 0
E7: =C7*D7 -> 0 | G7: 45961 | H7: putih semi 20x40x2 ( Leo ) | I7: 9 | J7: 95000 | K7: =I7*J7 -> 855000 | Q7: =O7*P7 -> 0
E8: =C8*D8 -> 0 | G8: 45962 | H8: andesit 30x30x5 bakar ( Leo ) | I8: =47/11 -> 4.2727273 | J8: =33000*11 -> 363000 | K8: =I8*J8 -> 1551000 | Q8: =O8*P8 -> 0
E9: =C9*D9 -> 0 | K9: =I9*J9 -> 0 | Q9: =O9*P9 -> 0
E10: =C10*D10 -> 0 | K10: =I10*J10 -> 0 | Q10: =O10*P10 -> 0
E11: =C11*D11 -> 0 | K11: =I11*J11 -> 0 | Q11: =O11*P11 -> 0
E12: =C12*D12 -> 0 | K12: =I12*J12 -> 0 | Q12: =O12*P12 -> 0
E13: =C13*D13 -> 0 | K13: =I13*J13 -> 0 | Q13: =O13*P13 -> 0
E14: =C14*D14 -> 0 | K14: =I14*J14 -> 0 | Q14: =O14*P14 -> 0
E15: =C15*D15 -> 0 | K15: =I15*J15 -> 0 | Q15: =O15*P15 -> 0
E16: =C16*D16 -> 0 | K16: =I16*J16 -> 0 | Q16: =O16*P16 -> 0
E17: =C17*D17 -> 0 | K17: =I17*J17 -> 0 | Q17: =O17*P17 -> 0
E18: =C18*D18 -> 0 | K18: =I18*J18 -> 0 | Q18: =O18*P18 -> 0
E19: =C19*D19 -> 0 | K19: =I19*J19 -> 0 | Q19: =O19*P19 -> 0
E20: =C20*D20 -> 0 | K20: =I20*J20 -> 0 | Q20: =O20*P20 -> 0
E21: =C21*D21 -> 0 | K21: =I21*J21 -> 0 | Q21: =O21*P21 -> 0
E22: =SUM(E5:E21) -> 0 | K22: =SUM(K5:K21) -> 9756000 | Q22: =SUM(Q5:Q21) -> 0

Sheet Teges
A1: 44805
A3: Tgl | B3: Teges-Canggu | C3: Qty | D3: Harga | E3: Total | G3: Tgl | H3: Teges-Sayan | I3: Qty | J3: Harga | K3: Total | M3: Tgl | N3: Pejeng-Samplangan | O3: Qty | P3: Harga | Q3: Total
E5: =C5*D5 -> 0 | G5: 45945 | H5: andesit 30x60x5 bakar ( Leo ) | I5: =15/5.5 -> 2.7272727 | J5: =68000*5.5 -> 374000 | K5: =I5*J5 -> 1020000 | Q5: =O5*P5 -> 0
E6: =C6*D6 -> 0 | G6: 45957 | H6: green sukabumi 15x15 ekspor ( Resi ) | I6: 13 | J6: 180000 | K6: =I6*J6 -> 2340000 | Q6: =O6*P6 -> 0
E7: =C7*D7 -> 0 | K7: =I7*J7 -> 0 | Q7: =O7*P7 -> 0
E8: =C8*D8 -> 0 | K8: =I8*J8 -> 0 | Q8: =O8*P8 -> 0
E9: =C9*D9 -> 0 | K9: =I9*J9 -> 0 | Q9: =O9*P9 -> 0
E10: =C10*D10 -> 0 | K10: =I10*J10 -> 0 | Q10: =O10*P10 -> 0
E11: =C11*D11 -> 0 | K11: =I11*J11 -> 0 | Q11: =O11*P11 -> 0
E12: =C12*D12 -> 0 | K12: =I12*J12 -> 0 | Q12: =O12*P12 -> 0
E13: =C13*D13 -> 0 | K13: =I13*J13 -> 0 | Q13: =O13*P13 -> 0
E14: =C14*D14 -> 0 | K14: =I14*J14 -> 0 | Q14: 0
E15: =C15*D15 -> 0 | K15: =I15*J15 -> 0 | Q15: =O15*P15 -> 0
E16: =C16*D16 -> 0 | K16: =I16*J16 -> 0 | Q16: 0
E17: =C17*D17 -> 0 | K17: =I17*J17 -> 0 | Q17: 0
E18: =SUM(E5:E15) -> 0 | K18: =SUM(K5:K17) -> 3360000 | Q18: =SUM(Q5:Q17) -> 0

Sheet Total
B1: Canggu | E1: Sayan | H1: Pejeng | K1: Samplangan | N1: Teges | Q1: Ulit | T1: Canggu | W1: Sayan
A2: Sayan | B2: =Canggu!E28 -> 39170000 | D2: Canggu | E2: =Sayan!E18 -> 0 | G2: Canggu | H2: =Pejeng!E32 -> 0 | J2: Canggu | K2: =Samplangan!E22 -> 0 | M2: Canggu | N2: =Teges!E18 -> 0 | P2: Canggu | Q2: =H2+K2+N2-B3-B4-B5 -> -23290000 | S2: Ulit | T2: =B3+B4+B5-H2-K2-N2 -> 23290000 | V2: Ulit | W2: =E3+E4+E5-H3-K3-N3 -> -31480000
A3: Pejeng | B3: =Canggu!K28 -> 8000000 | D3: Pejeng | E3: =Sayan!K18 -> 14700000 | G3: Sayan | H3: =Pejeng!K32 -> 41314000 | J3: Sayan | K3: =Samplangan!K22 -> 9756000 | M3: Sayan | N3: =Teges!K18 -> 3360000 | P3: Sayan | Q3: =H3+K3+N3-E3-E4-E5 -> 31480000 | S3: Sayan | T3: =B2-E2 -> 39170000 | V3: Canggu | W3: =E2-B2 -> -39170000
A4: Samplangan | B4: =Canggu!Q28 -> 0 | D4: Samplangan | E4: =Sayan!Q18 -> 0 | G4: Samplangan | H4: =Pejeng!Q32 -> 0 | J4: Pejeng | K4: =Samplangan!Q22 -> 0 | M4: Pejeng
A5: Teges | B5: =Canggu!W28 -> 15290000 | D5: Teges | E5: =Sayan!W18 -> 8250000 | G5: Teges | J5: Teges | M5: Samplangan
